{
  "objective": "regression",
  "metric": "rmse",
  "boosting_type": "gbdt",
  "verbose": -1,
  "n_jobs": -1,
  "seed": 42,
  "bagging_freq": 5,
  "max_bin": 255,
  "num_leaves": 76,
  "learning_rate": 0.0712611963570376,
  "min_child_samples": 224,
  "feature_fraction": 0.568857435964036,
  "bagging_fraction": 0.8759454155778524,
  "lambda_l1": 0.01998447684443622,
  "lambda_l2": 0.007866752385333298
}