{
  "objective": "regression",
  "metric": "rmse",
  "boosting_type": "gbdt",
  "verbose": -1,
  "n_jobs": -1,
  "seed": 42,
  "bagging_freq": 5,
  "max_bin": 255,
  "num_leaves": 31,
  "learning_rate": 0.07906113301250711,
  "min_child_samples": 75,
  "feature_fraction": 0.7384206863272681,
  "bagging_fraction": 0.7165210151478969,
  "lambda_l1": 4.269328612601474,
  "lambda_l2": 1.1035843719503446
}