{
  "objective": "regression",
  "metric": "rmse",
  "boosting_type": "gbdt",
  "verbose": -1,
  "n_jobs": -1,
  "seed": 42,
  "bagging_freq": 5,
  "max_bin": 255,
  "num_leaves": 102,
  "learning_rate": 0.06665053501293196,
  "min_child_samples": 404,
  "feature_fraction": 0.9123336968123812,
  "bagging_fraction": 0.7728437261175531,
  "lambda_l1": 0.0260503986606763,
  "lambda_l2": 0.03574953897130469
}