{
  "objective": "regression",
  "metric": "rmse",
  "boosting_type": "gbdt",
  "verbose": -1,
  "n_jobs": -1,
  "seed": 42,
  "bagging_freq": 5,
  "max_bin": 255,
  "num_leaves": 108,
  "learning_rate": 0.2224278051913413,
  "min_child_samples": 176,
  "feature_fraction": 0.6623798677912879,
  "bagging_fraction": 0.9695622899534029,
  "lambda_l1": 2.339672018602969,
  "lambda_l2": 0.5089663886503275
}