{
  "objective": "regression",
  "metric": "rmse",
  "boosting_type": "gbdt",
  "verbose": -1,
  "n_jobs": -1,
  "seed": 42,
  "bagging_freq": 5,
  "max_bin": 255,
  "num_leaves": 68,
  "learning_rate": 0.06690719896244716,
  "min_child_samples": 61,
  "feature_fraction": 0.646648669977438,
  "bagging_fraction": 0.6466641060412651,
  "lambda_l1": 0.11529532426523224,
  "lambda_l2": 1.7283722832206077
}