{
  "objective": "regression",
  "metric": "rmse",
  "boosting_type": "gbdt",
  "verbose": -1,
  "n_jobs": -1,
  "seed": 42,
  "bagging_freq": 5,
  "max_bin": 255,
  "num_leaves": 129,
  "learning_rate": 0.022430693696775705,
  "min_child_samples": 64,
  "feature_fraction": 0.9121845660942355,
  "bagging_fraction": 0.6252645823605477,
  "lambda_l1": 2.9560551223357754,
  "lambda_l2": 2.565816555229853
}