{
  "objective": "regression",
  "metric": "rmse",
  "boosting_type": "gbdt",
  "verbose": -1,
  "n_jobs": -1,
  "seed": 42,
  "bagging_freq": 5,
  "max_bin": 255,
  "num_leaves": 159,
  "learning_rate": 0.017618564532201085,
  "min_child_samples": 190,
  "feature_fraction": 0.5382751213474429,
  "bagging_fraction": 0.6172061755616293,
  "lambda_l1": 0.003278504071554549,
  "lambda_l2": 0.002620838102165866
}