{
  "objective": "regression",
  "metric": "rmse",
  "boosting_type": "gbdt",
  "verbose": -1,
  "n_jobs": -1,
  "seed": 42,
  "bagging_freq": 5,
  "max_bin": 255,
  "num_leaves": 100,
  "learning_rate": 0.0395645195910098,
  "min_child_samples": 209,
  "feature_fraction": 0.9918455313329717,
  "bagging_fraction": 0.9676887090460609,
  "lambda_l1": 0.205948830387436,
  "lambda_l2": 0.037073874686016604
}