{
  "objective": "regression",
  "metric": "rmse",
  "boosting_type": "gbdt",
  "verbose": -1,
  "n_jobs": -1,
  "seed": 42,
  "bagging_freq": 5,
  "max_bin": 255,
  "num_leaves": 32,
  "learning_rate": 0.09078335819071674,
  "min_child_samples": 423,
  "feature_fraction": 0.8422079387883488,
  "bagging_fraction": 0.5497779847523899,
  "lambda_l1": 0.0010090883336664523,
  "lambda_l2": 0.0013403883024798832
}