{
  "objective": "regression",
  "metric": "rmse",
  "boosting_type": "gbdt",
  "verbose": -1,
  "n_jobs": -1,
  "seed": 42,
  "bagging_freq": 5,
  "max_bin": 255,
  "num_leaves": 49,
  "learning_rate": 0.021958432112394018,
  "min_child_samples": 208,
  "feature_fraction": 0.6681454203976813,
  "bagging_fraction": 0.8411345370230294,
  "lambda_l1": 0.18108856365195347,
  "lambda_l2": 0.13132352265778213
}