{
  "objective": "regression",
  "metric": "rmse",
  "boosting_type": "gbdt",
  "verbose": -1,
  "n_jobs": -1,
  "seed": 42,
  "bagging_freq": 5,
  "max_bin": 255,
  "num_leaves": 38,
  "learning_rate": 0.051456874283854544,
  "min_child_samples": 270,
  "feature_fraction": 0.6634344924572453,
  "bagging_fraction": 0.8257024674227307,
  "lambda_l1": 0.014326964397126109,
  "lambda_l2": 0.008650372435352754
}