{
  "objective": "regression",
  "metric": "rmse",
  "boosting_type": "gbdt",
  "verbose": -1,
  "n_jobs": -1,
  "seed": 42,
  "bagging_freq": 5,
  "max_bin": 255,
  "num_leaves": 102,
  "learning_rate": 0.03965848634605209,
  "min_child_samples": 39,
  "feature_fraction": 0.822716141358466,
  "bagging_fraction": 0.6448998336599908,
  "lambda_l1": 0.09823801368068358,
  "lambda_l2": 0.5037385478251046
}